<!DOCTYPE suite SYSTEM "http://testng.org/testng-1.0.dtd" >

<suite name="Suite1" verbose="1">
    <listeners>
        <listener class-name="core.managers.TestListener"/></listeners>
    <test name="Android">
        <parameter name="platform" value="android">
        </parameter>
        <classes>
            <class name="tests.android.verfacturas.tc.Verfacturas"/>
        </classes>
    </test>

    <!--<test name="Android">
        <parameter name="platform" value="android">
        </parameter>
        <classes>
            <class name="tests.android.misservicios.tc.MisServicios"/>
        </classes>
    </test>-->

    <!--    <test name="iOS">-->
    <!--        <parameter name="platform" value="ios"></parameter>-->
    <!--        <classes>-->
    <!--            <class name="tests.ios.login.tests.android.misservicios.tc.Login"/>-->
    <!--        </classes>-->
    <!--    </test>-->

    <!--    <test name="iOS">-->
    <!--        <parameter name="platform" value="ios"></parameter>-->
    <!--        <classes>-->
    <!--            <class name="tests.ios.login.tests.android.misservicios.tc.Login"/>-->
    <!--        </classes>-->
    <!--    </test>-->

</suite>